data_frac,trial_i,performance,failed
0.03162277660168379,34,0.6663398077640853,False
