data_frac,trial_i,performance,failed
0.011787686347935873,21,0.4380593353955124,False
