data_frac,trial_i,performance,failed
0.13894954943731375,46,0.5777463357861087,False
