data_frac,trial_i,performance,failed
0.019306977288832496,2,0.6215389191531506,False
