data_frac,trial_i,performance,failed
0.0517947467923121,38,0.6596886632562287,False
