data_frac,trial_i,performance,failed
0.011787686347935873,28,0.42006579095856117,False
