data_frac,trial_i,performance,failed
0.0517947467923121,21,0.6211772565124678,False
