data_frac,trial_i,performance,failed
0.03162277660168379,37,0.6462087907785684,False
