data_frac,trial_i,performance,failed
0.13894954943731375,21,0.6252312293364657,False
