data_frac,trial_i,performance,failed
0.08483428982440717,29,0.5680504689038149,False
