data_frac,trial_i,performance,failed
0.0071968567300115215,10,0.5749534993479154,False
