data_frac,trial_i,performance,failed
0.011787686347935873,2,0.6390033211611573,False
