data_frac,trial_i,performance,failed
0.3727593720314938,29,0.6747670955090151,False
