data_frac,trial_i,performance,failed
0.13894954943731375,20,0.6245877072818383,False
