data_frac,trial_i,performance,failed
0.13894954943731375,9,0.6357975427589289,False
