data_frac,trial_i,performance,failed
0.6105402296585326,4,0.6656676016468795,False
