data_frac,trial_i,performance,failed
0.08483428982440717,23,0.638129297084846,True
