data_frac,trial_i,performance,failed
0.0071968567300115215,15,0.5075815270607898,False
