data_frac,trial_i,performance,failed
0.08483428982440717,45,0.670592883148177,False
