data_frac,trial_i,performance,failed
0.13894954943731375,43,0.6807569405795206,False
