data_frac,trial_i,performance,failed
0.011787686347935873,10,0.6319703501808659,False
