data_frac,trial_i,performance,failed
0.08483428982440717,27,0.634344313721829,False
