data_frac,trial_i,performance,failed
0.03162277660168379,2,0.5753669567622895,False
