data_frac,trial_i,performance,failed
0.0517947467923121,32,0.5818479104104821,False
