data_frac,trial_i,performance,failed
0.6105402296585326,48,0.7116528172668377,False
