data_frac,trial_i,performance,failed
0.13894954943731375,49,0.6380794939643788,False
