data_frac,trial_i,performance,failed
0.6105402296585326,12,0.676891752049879,False
