data_frac,trial_i,performance,failed
0.13894954943731375,39,0.6339148773699107,False
