data_frac,trial_i,performance,failed
0.13894954943731375,14,0.6826451842873401,False
