data_frac,trial_i,performance,failed
0.08483428982440717,28,0.6831969147307805,False
