data_frac,trial_i,performance,failed
0.3727593720314938,39,0.6397466951462086,False
