data_frac,trial_i,performance,failed
0.13894954943731375,44,0.6646971763405021,False
