data_frac,trial_i,performance,failed
0.011787686347935873,43,0.5614557633321274,False
