data_frac,trial_i,performance,failed
0.019306977288832496,10,0.5430076280022541,False
