data_frac,trial_i,performance,failed
0.08483428982440717,33,0.6311384032180868,False
