data_frac,trial_i,performance,failed
0.019306977288832496,36,0.6197105590052525,False
