data_frac,trial_i,performance,failed
0.6105402296585326,41,0.6556316617131382,False
