data_frac,trial_i,performance,failed
0.03162277660168379,16,0.5591708576879831,False
