data_frac,trial_i,performance,failed
0.019306977288832496,24,0.6663237046933123,False
