data_frac,trial_i,performance,failed
0.0517947467923121,15,0.6101361828195357,False
