data_frac,trial_i,performance,failed
0.22758459260747887,47,0.685588071744269,False
