data_frac,trial_i,performance,failed
0.0071968567300115215,2,0.5758442945526178,False
