data_frac,trial_i,performance,failed
0.0517947467923121,27,0.5849687885465273,False
