data_frac,trial_i,performance,failed
0.03162277660168379,19,0.6387983398256927,False
