data_frac,trial_i,performance,failed
0.22758459260747887,32,0.6396139109286496,False
