data_frac,trial_i,performance,failed
0.0071968567300115215,49,0.5550386721796909,False
