data_frac,trial_i,performance,failed
0.6105402296585326,40,0.6444513815905947,False
