data_frac,trial_i,performance,failed
0.0517947467923121,22,0.5736648980596163,False
