data_frac,trial_i,performance,failed
0.13894954943731375,0,0.6496530003708665,False
