data_frac,trial_i,performance,failed
0.0071968567300115215,47,0.505567432097518,False
