data_frac,trial_i,performance,failed
0.0071968567300115215,0,0.5490894432243844,False
