data_frac,trial_i,performance,failed
0.08483428982440717,43,0.6602854885495006,False
