data_frac,trial_i,performance,failed
0.6105402296585326,15,0.6783658624875466,False
