data_frac,trial_i,performance,failed
0.0071968567300115215,43,0.5158985553225837,False
