data_frac,trial_i,performance,failed
0.011787686347935873,32,0.5671806910651847,False
