data_frac,trial_i,performance,failed
0.08483428982440717,48,0.65879375164672,False
