data_frac,trial_i,performance,failed
0.6105402296585326,45,0.68145876775018,False
