data_frac,trial_i,performance,failed
0.0517947467923121,3,0.5997582624273229,False
