data_frac,trial_i,performance,failed
0.011787686347935873,30,0.5744475431644765,False
