data_frac,trial_i,performance,failed
0.019306977288832496,18,0.6235529787564601,False
