data_frac,trial_i,performance,failed
0.011787686347935873,41,0.4318881128276509,False
