data_frac,trial_i,performance,failed
0.011787686347935873,27,0.48905779171349445,False
