data_frac,trial_i,performance,failed
0.6105402296585326,13,0.6880926303598327,False
