data_frac,trial_i,performance,failed
0.13894954943731375,45,0.6716855801870406,False
