data_frac,trial_i,performance,failed
0.6105402296585326,37,0.6756405135213854,False
