data_frac,trial_i,performance,failed
0.0517947467923121,36,0.6340909472372002,False
