data_frac,trial_i,performance,failed
0.0517947467923121,42,0.5242541616386825,False
