data_frac,trial_i,performance,failed
0.0071968567300115215,28,0.49931248555090524,False
