data_frac,trial_i,performance,failed
0.08483428982440717,46,0.6160631983799096,False
