data_frac,trial_i,performance,failed
0.13894954943731375,32,0.5978948628070381,False
