data_frac,trial_i,performance,failed
0.0517947467923121,13,0.591628824829563,False
