data_frac,trial_i,performance,failed
0.6105402296585326,47,0.6746314843992979,False
