data_frac,trial_i,performance,failed
0.011787686347935873,23,0.6135357363482299,False
