data_frac,trial_i,performance,failed
0.08483428982440717,35,0.6408952303610557,False
