data_frac,trial_i,performance,failed
0.3727593720314938,42,0.618047245211758,False
