data_frac,trial_i,performance,failed
0.22758459260747887,23,0.6542738360831575,False
