data_frac,trial_i,performance,failed
0.019306977288832496,42,0.546904729858034,False
