data_frac,trial_i,performance,failed
0.03162277660168379,48,0.647827200189249,False
