data_frac,trial_i,performance,failed
0.03162277660168379,38,0.6235203322309504,False
