data_frac,trial_i,performance,failed
0.3727593720314938,32,0.6493084243556652,False
