data_frac,trial_i,performance,failed
0.08483428982440717,10,0.6134623556828415,False
