data_frac,trial_i,performance,failed
0.08483428982440717,36,0.670974653180581,True
