data_frac,trial_i,performance,failed
0.019306977288832496,28,0.6259071697572928,False
