data_frac,trial_i,performance,failed
0.0517947467923121,44,0.6142416901645772,False
