data_frac,trial_i,performance,failed
0.22758459260747887,22,0.659051630522311,False
