data_frac,trial_i,performance,failed
0.011787686347935873,39,0.4636907284223817,False
