data_frac,trial_i,performance,failed
0.13894954943731375,2,0.6433907592454075,False
