data_frac,trial_i,performance,failed
0.011787686347935873,49,0.613562045062906,False
