data_frac,trial_i,performance,failed
0.0517947467923121,12,0.671352542580111,False
