data_frac,trial_i,performance,failed
0.0517947467923121,9,0.5722982141461961,False
