data_frac,trial_i,performance,failed
0.08483428982440717,40,0.6374767024744592,False
