data_frac,trial_i,performance,failed
0.3727593720314938,28,0.6820023705027509,False
