data_frac,trial_i,performance,failed
0.22758459260747887,26,0.6726996772147991,False
