data_frac,trial_i,performance,failed
0.6105402296585326,32,0.6565642531392253,False
