data_frac,trial_i,performance,failed
0.011787686347935873,13,0.5154815954554758,False
