data_frac,trial_i,performance,failed
0.22758459260747887,10,0.608996393510176,False
