data_frac,trial_i,performance,failed
0.011787686347935873,6,0.587523392364793,False
