data_frac,trial_i,performance,failed
0.011787686347935873,24,0.5994515173295265,False
