data_frac,trial_i,performance,failed
0.03162277660168379,1,0.5377108921728945,False
