data_frac,trial_i,performance,failed
0.019306977288832496,23,0.6247272588155812,False
