data_frac,trial_i,performance,failed
0.019306977288832496,37,0.6573106477536087,False
