data_frac,trial_i,performance,failed
0.03162277660168379,41,0.5885775601537385,False
