data_frac,trial_i,performance,failed
0.0071968567300115215,41,0.48774889083284534,False
