data_frac,trial_i,performance,failed
0.13894954943731375,47,0.6603962868888966,False
