data_frac,trial_i,performance,failed
0.08483428982440717,30,0.5880158012289566,True
