data_frac,trial_i,performance,failed
0.3727593720314938,21,0.6530059075261084,False
