data_frac,trial_i,performance,failed
0.0071968567300115215,4,0.4703484888048931,False
