data_frac,trial_i,performance,failed
0.13894954943731375,12,0.6654313033309318,False
