data_frac,trial_i,performance,failed
0.011787686347935873,38,0.43536350037335175,True
