data_frac,trial_i,performance,failed
0.0517947467923121,35,0.6650536481291855,False
