data_frac,trial_i,performance,failed
0.0071968567300115215,23,0.4666452930699817,False
