data_frac,trial_i,performance,failed
0.019306977288832496,5,0.49924359293851645,True
