data_frac,trial_i,performance,failed
0.0517947467923121,18,0.6495989873541337,True
