data_frac,trial_i,performance,failed
0.0071968567300115215,7,0.571621122521777,True
