data_frac,trial_i,performance,failed
0.13894954943731375,0,0.6421030420697857,False
