data_frac,trial_i,performance,failed
0.3727593720314938,14,0.647424924485429,True
