data_frac,trial_i,performance,failed
0.011787686347935873,34,0.4325446633248826,False
