data_frac,trial_i,performance,failed
0.011787686347935873,19,0.4765542131699949,False
