data_frac,trial_i,performance,failed
0.0517947467923121,36,0.6656429800201707,True
