data_frac,trial_i,performance,failed
0.08483428982440717,45,0.6346131855969309,False
