data_frac,trial_i,performance,failed
0.03162277660168379,34,0.5143108343362532,False
