data_frac,trial_i,performance,failed
0.13894954943731375,22,0.628125676916674,False
