data_frac,trial_i,performance,failed
0.08483428982440717,26,0.6133508368546144,False
