data_frac,trial_i,performance,failed
0.6105402296585326,46,0.6852889098024426,True
