data_frac,trial_i,performance,failed
0.019306977288832496,44,0.6159741271720905,False
