data_frac,trial_i,performance,failed
0.019306977288832496,32,0.5903801884836166,True
