data_frac,trial_i,performance,failed
0.03162277660168379,11,0.5827173970400191,False
