data_frac,trial_i,performance,failed
0.22758459260747887,33,0.6642502221447737,False
