data_frac,trial_i,performance,failed
0.019306977288832496,41,0.6478450210800574,False
