data_frac,trial_i,performance,failed
0.08483428982440717,5,0.6134784136835466,True
