data_frac,trial_i,performance,failed
0.08483428982440717,6,0.5621763490764885,True
