data_frac,trial_i,performance,failed
0.03162277660168379,14,0.5541255510079317,True
