data_frac,trial_i,performance,failed
0.13894954943731375,46,0.6569807660818657,False
