data_frac,trial_i,performance,failed
0.08483428982440717,35,0.6274536477694377,False
