data_frac,trial_i,performance,failed
0.019306977288832496,20,0.646636065822409,False
