data_frac,trial_i,performance,failed
0.13894954943731375,24,0.6139956891547149,True
