data_frac,trial_i,performance,failed
0.3727593720314938,26,0.6645410548626411,True
