data_frac,trial_i,performance,failed
0.03162277660168379,36,0.6810406738011577,True
