data_frac,trial_i,performance,failed
0.0517947467923121,39,0.6809546381248937,True
