data_frac,trial_i,performance,failed
0.019306977288832496,46,0.6778734290382876,True
