data_frac,trial_i,performance,failed
0.3727593720314938,6,0.650074581176287,False
