data_frac,trial_i,performance,failed
0.3727593720314938,2,0.6261053035227115,False
