data_frac,trial_i,performance,failed
0.019306977288832496,8,0.5472065157146832,True
