data_frac,trial_i,performance,failed
0.019306977288832496,17,0.5569171782594717,True
