data_frac,trial_i,performance,failed
0.6105402296585326,44,0.6542431141496589,True
