data_frac,trial_i,performance,failed
0.08483428982440717,30,0.536752144225228,False
