data_frac,trial_i,performance,failed
0.011787686347935873,41,0.49912930322704424,False
