data_frac,trial_i,performance,failed
0.0517947467923121,13,0.6855966653876345,True
