data_frac,trial_i,performance,failed
0.0071968567300115215,35,0.4962969306665606,True
