data_frac,trial_i,performance,failed
0.3727593720314938,47,0.6590223102882646,True
