data_frac,trial_i,performance,failed
0.011787686347935873,22,0.44813829504211466,True
