data_frac,trial_i,performance,failed
0.08483428982440717,32,0.6052177948592611,False
