data_frac,trial_i,performance,failed
0.03162277660168379,25,0.49259185715533377,True
