data_frac,trial_i,performance,failed
0.6105402296585326,30,0.6438853814474351,False
