data_frac,trial_i,performance,failed
0.6105402296585326,48,0.6716240420275383,False
