data_frac,trial_i,performance,failed
0.0517947467923121,33,0.6268179572686037,True
