data_frac,trial_i,performance,failed
0.011787686347935873,33,0.5874066406429003,True
