data_frac,trial_i,performance,failed
0.0071968567300115215,32,0.4751424505667159,True
