data_frac,trial_i,performance,failed
0.6105402296585326,49,0.6369114313420932,False
