data_frac,trial_i,performance,failed
0.3727593720314938,27,0.6567602689473442,False
