data_frac,trial_i,performance,failed
0.03162277660168379,39,0.663024863785606,True
