data_frac,trial_i,performance,failed
0.08483428982440717,38,0.6209214537447824,False
