data_frac,trial_i,performance,failed
0.011787686347935873,40,0.6025343687778667,True
