data_frac,trial_i,performance,failed
0.3727593720314938,17,0.6584064896518512,False
