data_frac,trial_i,performance,failed
0.0071968567300115215,21,0.4981793885465957,False
