data_frac,trial_i,performance,failed
0.08483428982440717,44,0.5847905596377412,False
