data_frac,trial_i,performance,failed
0.08483428982440717,36,0.6783188042646691,True
