data_frac,trial_i,performance,failed
0.3727593720314938,44,0.6558497267574407,True
