data_frac,trial_i,performance,failed
0.0517947467923121,23,0.6835108711759181,True
