data_frac,trial_i,performance,failed
0.0517947467923121,26,0.6272577159414731,False
