data_frac,trial_i,performance,failed
0.6105402296585326,21,0.6837218988934668,False
