data_frac,trial_i,performance,failed
0.13894954943731375,19,0.6323680712293642,True
