data_frac,trial_i,performance,failed
0.3727593720314938,18,0.6586907660891642,False
