data_frac,trial_i,performance,failed
0.3727593720314938,41,0.6914757144483167,False
