data_frac,trial_i,performance,failed
0.22758459260747887,31,0.6461250979303891,False
