data_frac,trial_i,performance,failed
0.08483428982440717,18,0.6385332641236379,True
