data_frac,trial_i,performance,failed
0.13894954943731375,25,0.6245953528236894,False
