data_frac,trial_i,performance,failed
0.0071968567300115215,48,0.5160136451451417,False
