data_frac,trial_i,performance,failed
0.6105402296585326,35,0.6681814526023558,True
