data_frac,trial_i,performance,failed
0.03162277660168379,40,0.5131440027471647,False
