data_frac,trial_i,performance,failed
0.0071968567300115215,16,0.49167357661567046,True
