data_frac,trial_i,performance,failed
0.0071968567300115215,2,0.48527585204997065,False
