data_frac,trial_i,performance,failed
0.03162277660168379,38,0.5865541860954276,False
