data_frac,trial_i,performance,failed
0.03162277660168379,7,0.6804247146130453,True
