data_frac,trial_i,performance,failed
0.011787686347935873,25,0.44987862789024935,True
