data_frac,trial_i,performance,failed
0.6105402296585326,4,0.6326625073066904,False
