data_frac,trial_i,performance,failed
0.13894954943731375,42,0.6440022364244201,False
