data_frac,trial_i,performance,failed
0.13894954943731375,33,0.6586597900138342,False
