data_frac,trial_i,performance,failed
0.019306977288832496,43,0.6737296871576846,False
