data_frac,trial_i,performance,failed
0.13894954943731375,30,0.5243078289305941,False
