data_frac,trial_i,performance,failed
0.0517947467923121,5,0.5667362315658043,True
