data_frac,trial_i,performance,failed
0.03162277660168379,0,0.5942133811828963,False
