data_frac,trial_i,performance,failed
0.6105402296585326,22,0.6291789925624356,True
