data_frac,trial_i,performance,failed
0.3727593720314938,49,0.6147983941813763,True
