data_frac,trial_i,performance,failed
0.22758459260747887,37,0.6865298770321863,True
