data_frac,trial_i,performance,failed
0.3727593720314938,33,0.6712665583778256,False
