data_frac,trial_i,performance,failed
0.03162277660168379,35,0.638209657213502,False
