data_frac,trial_i,performance,failed
0.011787686347935873,48,0.6070243020253094,True
