data_frac,trial_i,performance,failed
0.13894954943731375,6,0.5991053437654068,True
