data_frac,trial_i,performance,failed
0.011787686347935873,35,0.5775839278963036,False
