data_frac,trial_i,performance,failed
0.6105402296585326,34,0.6586007587100459,False
