data_frac,trial_i,performance,failed
0.13894954943731375,36,0.6734881386953095,False
