data_frac,trial_i,performance,failed
0.6105402296585326,41,0.6938285105576083,False
