data_frac,trial_i,performance,failed
0.08483428982440717,24,0.6024392617901752,True
