data_frac,trial_i,performance,failed
0.019306977288832496,25,0.5193280837364905,True
