data_frac,trial_i,performance,failed
0.13894954943731375,44,0.5939136488615726,False
