data_frac,trial_i,performance,failed
0.6105402296585326,33,0.6597264218492006,False
