data_frac,trial_i,performance,failed
0.13894954943731375,49,0.5844309014731126,False
