data_frac,trial_i,performance,failed
0.3727593720314938,34,0.6551098567070175,False
