data_frac,trial_i,performance,failed
0.13894954943731375,3,0.6878180014126818,True
