data_frac,trial_i,performance,failed
0.22758459260747887,16,0.658802061295625,True
