data_frac,trial_i,performance,failed
0.03162277660168379,41,0.6742387433276913,True
