data_frac,trial_i,performance,failed
0.011787686347935873,0,0.6299770922336004,False
