data_frac,trial_i,performance,failed
0.0517947467923121,45,0.6107182626098592,False
