data_frac,trial_i,performance,failed
0.011787686347935873,32,0.5774411609765389,False
