data_frac,trial_i,performance,failed
0.13894954943731375,20,0.587227159874643,False
