data_frac,trial_i,performance,failed
0.011787686347935873,36,0.625593946862963,False
