data_frac,trial_i,performance,failed
0.08483428982440717,0,0.60436177310232,False
