data_frac,trial_i,performance,failed
0.3727593720314938,29,0.6440156155618699,True
