data_frac,trial_i,performance,failed
0.22758459260747887,21,0.694128150015695,True
