data_frac,trial_i,performance,failed
0.0517947467923121,7,0.6811436969342599,True
