data_frac,trial_i,performance,failed
0.6105402296585326,27,0.6664215090511838,False
