data_frac,trial_i,performance,failed
0.13894954943731375,38,0.6545429992365616,False
