data_frac,trial_i,performance,failed
0.0517947467923121,1,0.6583479388496482,False
