data_frac,trial_i,performance,failed
0.019306977288832496,27,0.6839941190210137,True
