data_frac,trial_i,performance,failed
0.6105402296585326,11,0.6639664351642509,False
