data_frac,trial_i,performance,failed
0.0517947467923121,25,0.49603856064676605,False
