data_frac,trial_i,performance,failed
0.22758459260747887,40,0.5959494927273326,False
