data_frac,trial_i,performance,failed
0.13894954943731375,21,0.6711661948255353,True
