data_frac,trial_i,performance,failed
0.13894954943731375,26,0.6181315092572495,True
