data_frac,trial_i,performance,failed
0.6105402296585326,23,0.6730094605394323,False
