data_frac,trial_i,performance,failed
0.03162277660168379,24,0.6201877676203676,True
