data_frac,trial_i,performance,failed
0.0517947467923121,21,0.6605162568912349,False
