data_frac,trial_i,performance,failed
0.019306977288832496,29,0.5600921133554452,False
