data_frac,trial_i,performance,failed
0.019306977288832496,34,0.41056140437984084,False
