data_frac,trial_i,performance,failed
0.22758459260747887,29,0.6359843774038704,True
