data_frac,trial_i,performance,failed
0.019306977288832496,30,0.605568861640313,False
