data_frac,trial_i,performance,failed
0.08483428982440717,17,0.6148375859766289,True
