data_frac,trial_i,performance,failed
0.011787686347935873,14,0.4209271057074505,False
