data_frac,trial_i,performance,failed
0.011787686347935873,6,0.5828472337266266,False
