data_frac,trial_i,performance,failed
0.08483428982440717,40,0.6752247031670415,False
