data_frac,trial_i,performance,failed
0.22758459260747887,30,0.6466744569501454,False
