data_frac,trial_i,performance,failed
0.019306977288832496,45,0.6509267211854641,False
