data_frac,trial_i,performance,failed
0.22758459260747887,27,0.6526707459740126,True
