data_frac,trial_i,performance,failed
0.3727593720314938,42,0.6623074351446864,True
