data_frac,trial_i,performance,failed
0.13894954943731375,49,0.6310860162711954,False
