data_frac,trial_i,performance,failed
0.13894954943731375,40,0.6881675388505941,False
