data_frac,trial_i,performance,failed
0.13894954943731375,8,0.7030925500152029,False
