data_frac,trial_i,performance,failed
0.03162277660168379,45,0.6716151327136681,False
