data_frac,trial_i,performance,failed
0.13894954943731375,36,0.636696966459114,True
