data_frac,trial_i,performance,failed
0.6105402296585326,46,0.648462442574265,False
