data_frac,trial_i,performance,failed
0.011787686347935873,28,0.577238642304603,False
