data_frac,trial_i,performance,failed
0.08483428982440717,13,0.5553747611903777,True
