data_frac,trial_i,performance,failed
0.22758459260747887,9,0.6599842896876947,False
