data_frac,trial_i,performance,failed
0.011787686347935873,17,0.5779254898242179,False
