data_frac,trial_i,performance,failed
0.011787686347935873,30,0.556598111889188,False
