data_frac,trial_i,performance,failed
0.08483428982440717,24,0.6528104162054994,False
