data_frac,trial_i,performance,failed
0.0517947467923121,20,0.6687110150476606,False
