data_frac,trial_i,performance,failed
0.13894954943731375,25,0.653496246146732,False
