data_frac,trial_i,performance,failed
0.0517947467923121,42,0.6418107602380667,False
