data_frac,trial_i,performance,failed
0.22758459260747887,36,0.658199896345022,False
