data_frac,trial_i,performance,failed
0.08483428982440717,41,0.6111822699234196,False
