data_frac,trial_i,performance,failed
0.011787686347935873,21,0.5931658333294026,False
