data_frac,trial_i,performance,failed
0.22758459260747887,22,0.6615235949068821,False
