data_frac,trial_i,performance,failed
0.0517947467923121,14,0.5674898830310031,False
