data_frac,trial_i,performance,failed
0.0071968567300115215,6,0.5029443264403584,False
