data_frac,trial_i,performance,failed
0.011787686347935873,15,0.6301328941028097,False
