data_frac,trial_i,performance,failed
0.011787686347935873,31,0.6087423134306673,False
