data_frac,trial_i,performance,failed
0.6105402296585326,45,0.6574370924872899,False
