data_frac,trial_i,performance,failed
0.03162277660168379,28,0.6195338588919673,False
