data_frac,trial_i,performance,failed
0.13894954943731375,45,0.7009514412858944,True
