data_frac,trial_i,performance,failed
0.6105402296585326,29,0.6600799511104184,False
