data_frac,trial_i,performance,failed
0.6105402296585326,34,0.6903262110033979,False
