data_frac,trial_i,performance,failed
0.3727593720314938,27,0.6557802203828634,False
