data_frac,trial_i,performance,failed
0.3727593720314938,11,0.6695662626217468,False
