data_frac,trial_i,performance,failed
0.0071968567300115215,38,0.5657987471816175,False
