data_frac,trial_i,performance,failed
0.13894954943731375,26,0.5941508712298755,False
