data_frac,trial_i,performance,failed
0.6105402296585326,43,0.6881025699065856,False
