data_frac,trial_i,performance,failed
0.08483428982440717,27,0.5977662533546053,True
