data_frac,trial_i,performance,failed
0.019306977288832496,17,0.5298175219017364,True
