data_frac,trial_i,performance,failed
0.011787686347935873,45,0.6083778724213288,False
