data_frac,trial_i,performance,failed
0.019306977288832496,32,0.6110902745151618,False
