data_frac,trial_i,performance,failed
0.019306977288832496,39,0.5372975002062556,False
