data_frac,trial_i,performance,failed
0.08483428982440717,38,0.655383314117505,True
