data_frac,trial_i,performance,failed
0.22758459260747887,38,0.6652081004948898,True
