data_frac,trial_i,performance,failed
0.08483428982440717,5,0.612834820408329,True
