data_frac,trial_i,performance,failed
0.0071968567300115215,18,0.5283321928141103,False
