data_frac,trial_i,performance,failed
0.13894954943731375,23,0.6590418781766311,False
