data_frac,trial_i,performance,failed
0.3727593720314938,44,0.6927904475672273,True
