data_frac,trial_i,performance,failed
0.0517947467923121,29,0.669102320184064,False
