data_frac,trial_i,performance,failed
0.13894954943731375,22,0.668014854280563,False
