data_frac,trial_i,performance,failed
0.3727593720314938,21,0.6513405460405532,True
