data_frac,trial_i,performance,failed
0.3727593720314938,40,0.6793836385808111,False
