data_frac,trial_i,performance,failed
0.13894954943731375,3,0.6556522491229314,False
