data_frac,trial_i,performance,failed
0.22758459260747887,34,0.6798257807411469,False
