data_frac,trial_i,performance,failed
0.019306977288832496,33,0.6378445518668086,True
