data_frac,trial_i,performance,failed
0.08483428982440717,34,0.6348228257247953,True
