data_frac,trial_i,performance,failed
0.13894954943731375,48,0.6276541499940217,False
