data_frac,trial_i,performance,failed
0.13894954943731375,12,0.6373663939770274,False
