data_frac,trial_i,performance,failed
0.3727593720314938,12,0.6741166688471277,False
