data_frac,trial_i,performance,failed
0.03162277660168379,31,0.472702774838618,True
