data_frac,trial_i,performance,failed
0.22758459260747887,28,0.6524670285941833,False
