data_frac,trial_i,performance,failed
0.011787686347935873,7,0.595698056635411,False
