data_frac,trial_i,performance,failed
0.0517947467923121,33,0.6199818033432622,True
