data_frac,trial_i,performance,failed
0.0517947467923121,26,0.6312067513576683,False
