data_frac,trial_i,performance,failed
0.08483428982440717,25,0.5992411025492325,False
