data_frac,trial_i,performance,failed
0.3727593720314938,24,0.6696685580005202,True
