data_frac,trial_i,performance,failed
0.6105402296585326,21,0.6344868487236904,True
