data_frac,trial_i,performance,failed
0.03162277660168379,48,0.6073702739624239,False
