data_frac,trial_i,performance,failed
0.0517947467923121,0,0.5465962807449289,True
