data_frac,trial_i,performance,failed
0.08483428982440717,47,0.6574638719782333,False
