data_frac,trial_i,performance,failed
0.22758459260747887,8,0.6933918183668174,False
