data_frac,trial_i,performance,failed
0.13894954943731375,42,0.6215300256266857,False
