data_frac,trial_i,performance,failed
0.6105402296585326,42,0.6633053629502202,True
