data_frac,trial_i,performance,failed
0.03162277660168379,24,0.6667924312032734,False
