data_frac,trial_i,performance,failed
0.019306977288832496,6,0.6097779595068917,False
