data_frac,trial_i,performance,failed
0.13894954943731375,30,0.6244544333790748,False
