data_frac,trial_i,performance,failed
0.13894954943731375,28,0.6219304099758016,False
