data_frac,trial_i,performance,failed
0.3727593720314938,34,0.6662735620188001,False
