data_frac,trial_i,performance,failed
0.13894954943731375,37,0.6384806654352458,False
