data_frac,trial_i,performance,failed
0.08483428982440717,32,0.6173528298980941,True
