data_frac,trial_i,performance,failed
0.3727593720314938,46,0.6697171770010499,False
