data_frac,trial_i,performance,failed
0.08483428982440717,8,0.6787615134421439,False
