data_frac,trial_i,performance,failed
0.03162277660168379,23,0.6352894636628755,False
