data_frac,trial_i,performance,failed
0.03162277660168379,38,0.6224559212003371,False
