data_frac,trial_i,performance,failed
0.3727593720314938,31,0.630832833122493,False
