data_frac,trial_i,performance,failed
0.0071968567300115215,7,0.525608013425382,False
