data_frac,trial_i,performance,failed
0.0071968567300115215,30,0.4848860640790486,False
