data_frac,trial_i,performance,failed
0.3727593720314938,30,0.6515771288698694,True
