data_frac,trial_i,performance,failed
0.08483428982440717,37,0.6221937511284914,False
