data_frac,trial_i,performance,failed
0.0517947467923121,48,0.6204849111705181,False
