data_frac,trial_i,performance,failed
0.0517947467923121,31,0.5798161284854787,True
