data_frac,trial_i,performance,failed
0.03162277660168379,13,0.5008523057199783,True
