data_frac,trial_i,performance,failed
0.019306977288832496,42,0.6640541159721883,False
