data_frac,trial_i,performance,failed
0.019306977288832496,38,0.6407877497356094,False
