data_frac,trial_i,performance,failed
0.0517947467923121,44,0.676825753508129,False
