data_frac,trial_i,performance,failed
0.6105402296585326,25,0.6319915686480633,False
