data_frac,trial_i,performance,failed
0.0517947467923121,24,0.6536083477124311,True
