data_frac,trial_i,performance,failed
0.3727593720314938,26,0.634515259420101,True
