data_frac,trial_i,performance,failed
0.13894954943731375,33,0.6460642340675111,True
