data_frac,trial_i,performance,failed
0.08483428982440717,36,0.6137316986021045,False
