data_frac,trial_i,performance,failed
0.22758459260747887,32,0.6555635119934917,False
