data_frac,trial_i,performance,failed
0.011787686347935873,26,0.4148627835915673,True
