data_frac,trial_i,performance,failed
0.0071968567300115215,26,0.49915460221306557,False
