data_frac,trial_i,performance,failed
0.0517947467923121,23,0.6133849711207884,False
