data_frac,trial_i,performance,failed
0.0517947467923121,41,0.6017388312827774,False
