data_frac,trial_i,performance,failed
0.3727593720314938,10,0.6706030553918495,False
