data_frac,trial_i,performance,failed
0.3727593720314938,39,0.6570944792651073,False
