data_frac,trial_i,performance,failed
0.6105402296585326,31,0.6511995912697526,True
