data_frac,trial_i,performance,failed
0.22758459260747887,39,0.641288471306838,False
