data_frac,trial_i,performance,failed
0.0517947467923121,7,0.5890949342664159,True
