data_frac,trial_i,performance,failed
0.011787686347935873,35,0.5543035743432563,False
