data_frac,trial_i,performance,failed
0.13894954943731375,32,0.6529804563568107,False
