data_frac,trial_i,performance,failed
0.03162277660168379,3,0.673147204355485,False
