data_frac,trial_i,performance,failed
0.019306977288832496,34,0.654673607586217,False
