data_frac,trial_i,performance,failed
0.011787686347935873,39,0.634781130630012,True
