data_frac,trial_i,performance,failed
0.0517947467923121,16,0.6697305697815233,True
