data_frac,trial_i,performance,failed
0.011787686347935873,38,0.6208212941290999,False
