data_frac,trial_i,performance,failed
0.019306977288832496,37,0.624760989001584,False
