data_frac,trial_i,performance,failed
0.08483428982440717,38,0.6107993938632883,True
