data_frac,trial_i,performance,failed
0.6105402296585326,39,0.6622000048543735,True
