data_frac,trial_i,performance,failed
0.13894954943731375,34,0.7030805602407975,True
