data_frac,trial_i,performance,failed
0.08483428982440717,37,0.6039942113135844,False
