data_frac,trial_i,performance,failed
0.03162277660168379,37,0.621143689209599,False
