data_frac,trial_i,performance,failed
0.019306977288832496,28,0.64600712078126,True
