data_frac,trial_i,performance,failed
0.011787686347935873,21,0.47444812960508237,True
