data_frac,trial_i,performance,failed
0.0517947467923121,34,0.6803909535516394,True
