data_frac,trial_i,performance,failed
0.011787686347935873,23,0.44058349810441616,True
