data_frac,trial_i,performance,failed
0.08483428982440717,11,0.6608103706618191,False
