data_frac,trial_i,performance,failed
0.6105402296585326,42,0.6471112736525174,True
