data_frac,trial_i,performance,failed
0.019306977288832496,33,0.6520969855866344,False
