data_frac,trial_i,performance,failed
0.0517947467923121,27,0.6711912108925518,False
