data_frac,trial_i,performance,failed
0.011787686347935873,14,0.5672041182079705,True
