data_frac,trial_i,performance,failed
0.0517947467923121,33,0.6760795929507594,True
