data_frac,trial_i,performance,failed
0.6105402296585326,22,0.6637541198784588,False
