data_frac,trial_i,performance,failed
0.0517947467923121,22,0.5941435688462265,False
