data_frac,trial_i,performance,failed
0.6105402296585326,32,0.6784786519873578,True
