data_frac,trial_i,performance,failed
0.08483428982440717,23,0.611673455927699,True
