data_frac,trial_i,performance,failed
0.019306977288832496,40,0.4097572795553373,True
