data_frac,trial_i,performance,failed
0.08483428982440717,17,0.6393060364425598,True
