data_frac,trial_i,performance,failed
0.13894954943731375,31,0.6617897745221426,True
