data_frac,trial_i,performance,failed
0.0517947467923121,21,0.5170182048599575,True
