data_frac,trial_i,performance,failed
0.6105402296585326,18,0.6507776887885688,True
