data_frac,trial_i,performance,failed
0.019306977288832496,20,0.53446551703628,False
