data_frac,trial_i,performance,failed
0.6105402296585326,28,0.6793616972773708,True
