data_frac,trial_i,performance,failed
0.22758459260747887,39,0.6590789831647212,True
