data_frac,trial_i,performance,failed
0.019306977288832496,25,0.6631018524278253,False
