data_frac,trial_i,performance,failed
0.08483428982440717,20,0.6533047751064214,False
