data_frac,trial_i,performance,failed
0.03162277660168379,44,0.6298265937643137,True
