data_frac,trial_i,performance,failed
0.08483428982440717,22,0.6330378260679665,False
