data_frac,trial_i,performance,failed
0.011787686347935873,40,0.5215792591408182,False
