data_frac,trial_i,performance,failed
0.011787686347935873,28,0.5196664446340856,True
