data_frac,trial_i,performance,failed
0.0517947467923121,36,0.6310149827728171,True
