data_frac,trial_i,performance,failed
0.03162277660168379,46,0.6200130093615069,True
