data_frac,trial_i,performance,failed
0.3727593720314938,48,0.6435836307195187,False
