data_frac,trial_i,performance,failed
0.03162277660168379,32,0.667585915055398,True
