data_frac,trial_i,performance,failed
0.13894954943731375,17,0.6328403489939907,True
