data_frac,trial_i,performance,failed
0.019306977288832496,11,0.641135774958267,False
