data_frac,trial_i,performance,failed
0.22758459260747887,12,0.6349183874290723,False
