data_frac,trial_i,performance,failed
0.22758459260747887,43,0.6095261478733366,True
