data_frac,trial_i,performance,failed
0.03162277660168379,42,0.5606161487538451,True
