data_frac,trial_i,performance,failed
0.019306977288832496,21,0.498791288971115,False
