data_frac,trial_i,performance,failed
0.13894954943731375,33,0.6944220396040882,True
