data_frac,trial_i,performance,failed
0.3727593720314938,49,0.6586806828811534,True
