data_frac,trial_i,performance,failed
0.03162277660168379,41,0.5732190992846706,True
