data_frac,trial_i,performance,failed
0.3727593720314938,25,0.6657730711646526,True
