data_frac,trial_i,performance,failed
0.03162277660168379,49,0.608566035675791,True
