data_frac,trial_i,performance,failed
0.019306977288832496,48,0.6303411140351112,False
