data_frac,trial_i,performance,failed
0.3727593720314938,23,0.6451595210043176,True
