data_frac,trial_i,performance,failed
0.03162277660168379,9,0.6459182935952422,False
