data_frac,trial_i,performance,failed
0.13894954943731375,25,0.658267950993207,True
