data_frac,trial_i,performance,failed
0.0517947467923121,6,0.5777989371801399,True
