data_frac,trial_i,performance,failed
0.0517947467923121,38,0.6217878677452015,True
