data_frac,trial_i,performance,failed
0.22758459260747887,45,0.6722539735597476,True
