data_frac,trial_i,performance,failed
0.011787686347935873,44,0.4388506067181853,True
