data_frac,trial_i,performance,failed
0.22758459260747887,36,0.6584440539361149,True
