data_frac,trial_i,performance,failed
0.03162277660168379,21,0.4715255738029181,True
