data_frac,trial_i,performance,failed
0.03162277660168379,31,0.6538827233261263,False
