data_frac,trial_i,performance,failed
0.0071968567300115215,26,0.5040744322374352,False
