data_frac,trial_i,performance,failed
0.0071968567300115215,39,0.5554463533772839,True
