data_frac,trial_i,performance,failed
0.019306977288832496,47,0.6617064774907713,False
