data_frac,trial_i,performance,failed
0.22758459260747887,32,0.6675013984012537,True
