data_frac,trial_i,performance,failed
0.011787686347935873,46,0.4019719037667259,False
