data_frac,trial_i,performance,failed
0.03162277660168379,14,0.554528380630406,True
