data_frac,trial_i,performance,failed
0.03162277660168379,38,0.5932557918166681,False
