data_frac,trial_i,performance,failed
0.0517947467923121,42,0.5592635039053743,True
