data_frac,trial_i,performance,failed
0.22758459260747887,15,0.5910733905445781,True
