data_frac,trial_i,performance,failed
0.13894954943731375,15,0.5959227095957029,True
