data_frac,trial_i,performance,failed
0.6105402296585326,14,0.6741827517390745,True
