data_frac,trial_i,performance,failed
0.08483428982440717,16,0.6869849986086559,True
