data_frac,trial_i,performance,failed
0.0517947467923121,46,0.6634711563585185,True
