data_frac,trial_i,performance,failed
0.0517947467923121,39,0.6343771303702528,True
