data_frac,trial_i,performance,failed
0.03162277660168379,29,0.5669821452940014,False
