data_frac,trial_i,performance,failed
0.03162277660168379,10,0.5702423428281361,True
