data_frac,trial_i,performance,failed
0.6105402296585326,27,0.686868017590495,True
