data_frac,trial_i,performance,failed
0.019306977288832496,39,0.5573664522286905,True
