data_frac,trial_i,performance,failed
0.3727593720314938,6,0.6153707131645655,True
