data_frac,trial_i,performance,failed
0.03162277660168379,30,0.6166354189845563,True
