data_frac,trial_i,performance,failed
0.6105402296585326,13,0.6391281154830063,True
