data_frac,trial_i,performance,failed
0.3727593720314938,47,0.671325416796584,True
