data_frac,trial_i,performance,failed
0.011787686347935873,16,0.5404471025872631,False
