data_frac,trial_i,performance,failed
0.03162277660168379,15,0.5945123396230036,True
