data_frac,trial_i,performance,failed
0.6105402296585326,40,0.643358039289149,True
