data_frac,trial_i,performance,failed
0.0517947467923121,26,0.6837455435951882,False
