data_frac,trial_i,performance,failed
0.0517947467923121,4,0.5740995748674649,True
