data_frac,trial_i,performance,failed
0.08483428982440717,32,0.6981674850922026,True
