data_frac,trial_i,performance,failed
0.011787686347935873,8,0.5420590495054132,True
