data_frac,trial_i,performance,failed
0.0517947467923121,18,0.5925156094760037,True
