data_frac,trial_i,performance,failed
0.3727593720314938,46,0.667980358034795,True
