data_frac,trial_i,performance,failed
0.3727593720314938,34,0.7150774007411703,True
