data_frac,trial_i,performance,failed
0.3727593720314938,41,0.6553676426408482,False
