data_frac,trial_i,performance,failed
0.3727593720314938,36,0.6370706904513348,True
