data_frac,trial_i,performance,failed
0.3727593720314938,22,0.6557508605081808,False
