data_frac,trial_i,performance,failed
0.3727593720314938,20,0.6281869671777955,False
