data_frac,trial_i,performance,failed
0.08483428982440717,31,0.6358758984596019,True
