data_frac,trial_i,performance,failed
0.0071968567300115215,41,0.44771304252591865,False
