data_frac,trial_i,performance,failed
0.6105402296585326,33,0.6507816562635895,True
