data_frac,trial_i,performance,failed
0.019306977288832496,14,0.6012573992911326,True
