data_frac,trial_i,performance,failed
0.0517947467923121,41,0.595826965095949,True
