data_frac,trial_i,performance,failed
0.0071968567300115215,2,0.4893642610251168,True
