data_frac,trial_i,performance,failed
0.03162277660168379,27,0.6660415939313783,True
