data_frac,trial_i,performance,failed
0.22758459260747887,41,0.6271695176467991,True
