data_frac,trial_i,performance,failed
0.6105402296585326,26,0.6856621151318848,True
