data_frac,trial_i,performance,failed
0.011787686347935873,42,0.5432291572805631,True
