data_frac,trial_i,performance,failed
0.011787686347935873,31,0.5882540633595154,True
