data_frac,trial_i,performance,failed
0.08483428982440717,33,0.6855121631090683,True
