data_frac,trial_i,performance,failed
0.13894954943731375,5,0.6277959801987048,True
