data_frac,trial_i,performance,failed
0.019306977288832496,15,0.5725716820020802,True
