data_frac,trial_i,performance,failed
0.0517947467923121,37,0.5768643312667228,False
