data_frac,trial_i,performance,failed
0.3727593720314938,11,0.7061618486994952,True
