data_frac,trial_i,performance,failed
0.0517947467923121,43,0.5833389518743872,True
