data_frac,trial_i,performance,failed
0.0517947467923121,30,0.6462783154648131,True
