data_frac,trial_i,performance,failed
0.3727593720314938,19,0.6218057137216785,True
