data_frac,trial_i,performance,failed
0.6105402296585326,36,0.670599973389765,True
