data_frac,trial_i,performance,failed
0.13894954943731375,32,0.694335128024742,True
