data_frac,trial_i,performance,failed
0.3727593720314938,44,0.6463856670052406,False
