data_frac,trial_i,performance,failed
0.08483428982440717,45,0.6582081661130292,False
