data_frac,trial_i,performance,failed
0.011787686347935873,4,0.5667211369581333,False
