data_frac,trial_i,performance,failed
0.6105402296585326,31,0.681564442080835,True
