data_frac,trial_i,performance,failed
0.0517947467923121,47,0.6818482202068223,False
