data_frac,trial_i,performance,failed
0.0071968567300115215,22,0.5529757275774722,False
