data_frac,trial_i,performance,failed
0.011787686347935873,22,0.6128693316507489,False
