data_frac,trial_i,performance,failed
0.0517947467923121,25,0.6586088605662741,False
