data_frac,trial_i,performance,failed
0.0071968567300115215,44,0.5004618597905188,False
