data_frac,trial_i,performance,failed
0.22758459260747887,21,0.6360091995675679,True
