data_frac,trial_i,performance,failed
0.6105402296585326,25,0.677924152943082,True
