data_frac,trial_i,performance,failed
0.22758459260747887,14,0.6645204345380558,True
