data_frac,trial_i,performance,failed
0.13894954943731375,49,0.6135861439101011,True
