data_frac,trial_i,performance,failed
0.0517947467923121,48,0.6468238826978933,False
