data_frac,trial_i,performance,failed
0.0071968567300115215,38,0.46805394856075905,False
