data_frac,trial_i,performance,failed
0.13894954943731375,38,0.6395485353245594,False
