data_frac,trial_i,performance,failed
0.6105402296585326,44,0.6527068195459682,False
