data_frac,trial_i,performance,failed
0.0517947467923121,36,0.6401936880860791,False
