data_frac,trial_i,performance,failed
0.6105402296585326,27,0.6635704953474161,False
