data_frac,trial_i,performance,failed
0.6105402296585326,34,0.6621240862646254,False
