data_frac,trial_i,performance,failed
0.011787686347935873,45,0.4431421777870113,False
