data_frac,trial_i,performance,failed
0.011787686347935873,12,0.6170528026686739,False
