data_frac,trial_i,performance,failed
0.011787686347935873,26,0.6368783541270746,False
