data_frac,trial_i,performance,failed
0.3727593720314938,8,0.6328058404438078,False
