data_frac,trial_i,performance,failed
0.08483428982440717,0,0.567431382116908,False
