data_frac,trial_i,performance,failed
0.3727593720314938,17,0.640156863437134,False
