data_frac,trial_i,performance,failed
0.08483428982440717,38,0.623364059859395,False
