data_frac,trial_i,performance,failed
0.22758459260747887,45,0.6147554319752057,False
