data_frac,trial_i,performance,failed
0.0071968567300115215,46,0.5046622796863309,False
