data_frac,trial_i,performance,failed
0.0071968567300115215,45,0.500216306037336,False
