data_frac,trial_i,performance,failed
0.22758459260747887,31,0.5949189160114046,False
