data_frac,trial_i,performance,failed
0.08483428982440717,14,0.61128032547785,False
