data_frac,trial_i,performance,failed
0.0071968567300115215,26,0.567376697611815,False
