data_frac,trial_i,performance,failed
0.0071968567300115215,20,0.49569148358552145,False
