data_frac,trial_i,performance,failed
0.019306977288832496,34,0.5098161734107921,False
