data_frac,trial_i,performance,failed
0.011787686347935873,31,0.6266366169165515,False
