data_frac,trial_i,performance,failed
0.0517947467923121,41,0.6456123410934476,False
