data_frac,trial_i,performance,failed
0.08483428982440717,5,0.6941405112106601,False
