data_frac,trial_i,performance,failed
0.3727593720314938,43,0.6872617557147821,False
