data_frac,trial_i,performance,failed
0.6105402296585326,3,0.6691116394515827,False
