data_frac,trial_i,performance,failed
0.22758459260747887,47,0.6584833358516813,False
