data_frac,trial_i,performance,failed
0.03162277660168379,43,0.64800814526385,False
