data_frac,trial_i,performance,failed
0.6105402296585326,17,0.661076381954347,False
