data_frac,trial_i,performance,failed
0.0517947467923121,32,0.6035555768430211,False
