data_frac,trial_i,performance,failed
0.13894954943731375,43,0.6479572890403696,False
