data_frac,trial_i,performance,failed
0.22758459260747887,42,0.6708152837762373,False
