data_frac,trial_i,performance,failed
0.13894954943731375,9,0.6937497618864752,False
