data_frac,trial_i,performance,failed
0.6105402296585326,36,0.6573249981904088,False
