data_frac,trial_i,performance,failed
0.0517947467923121,31,0.6484542691476819,False
