data_frac,trial_i,performance,failed
0.08483428982440717,49,0.5973865922728989,False
