data_frac,trial_i,performance,failed
0.3727593720314938,10,0.6671763918025706,False
