data_frac,trial_i,performance,failed
0.03162277660168379,36,0.6280171063150746,False
