data_frac,trial_i,performance,failed
0.03162277660168379,45,0.5993848886666484,False
