data_frac,trial_i,performance,failed
0.0517947467923121,35,0.5939631296654392,False
