data_frac,trial_i,performance,failed
0.0517947467923121,8,0.6359845784965859,False
