data_frac,trial_i,performance,failed
0.0517947467923121,43,0.6746877095685,False
