data_frac,trial_i,performance,failed
0.13894954943731375,10,0.6703744361493351,False
