data_frac,trial_i,performance,failed
0.0071968567300115215,7,0.5346349956851549,False
