data_frac,trial_i,performance,failed
0.13894954943731375,37,0.5889390871003518,False
