data_frac,trial_i,performance,failed
0.03162277660168379,25,0.6873964250515135,False
