data_frac,trial_i,performance,failed
0.019306977288832496,49,0.5395796339379373,False
