data_frac,trial_i,performance,failed
0.03162277660168379,8,0.4995798909584441,False
