data_frac,trial_i,performance,failed
0.22758459260747887,27,0.6451255472274315,False
