data_frac,trial_i,performance,failed
0.03162277660168379,7,0.5261342747326828,False
