data_frac,trial_i,performance,failed
0.3727593720314938,1,0.6723102899849565,False
