data_frac,trial_i,performance,failed
0.22758459260747887,46,0.6405012011832683,False
