data_frac,trial_i,performance,failed
0.3727593720314938,35,0.6617158095297101,False
