data_frac,trial_i,performance,failed
0.011787686347935873,19,0.5812894844806371,False
