data_frac,trial_i,performance,failed
0.6105402296585326,39,0.6911133426852957,False
