data_frac,trial_i,performance,failed
0.6105402296585326,26,0.6505086028942844,False
