data_frac,trial_i,performance,failed
0.08483428982440717,20,0.6472927002194282,False
