data_frac,trial_i,performance,failed
0.0071968567300115215,10,0.5032515156808706,False
