data_frac,trial_i,performance,failed
0.22758459260747887,28,0.6913850554287184,False
