data_frac,trial_i,performance,failed
0.22758459260747887,18,0.6549131893319431,False
