data_frac,trial_i,performance,failed
0.13894954943731375,48,0.633617145791982,False
