data_frac,trial_i,performance,failed
0.6105402296585326,14,0.6476285018147776,False
