data_frac,trial_i,performance,failed
0.3727593720314938,40,0.6204338548980315,False
