data_frac,trial_i,performance,failed
0.03162277660168379,47,0.651547247139283,False
