data_frac,trial_i,performance,failed
0.011787686347935873,22,0.5888963482529358,False
