data_frac,trial_i,performance,failed
0.22758459260747887,24,0.6808183617553961,False
