data_frac,trial_i,performance,failed
0.6105402296585326,9,0.6906194283034266,False
