data_frac,trial_i,performance,failed
0.08483428982440717,23,0.6462231373183293,False
