data_frac,trial_i,performance,failed
0.0517947467923121,46,0.6549527376888162,False
