data_frac,trial_i,performance,failed
0.011787686347935873,7,0.4705953431560453,False
