data_frac,trial_i,performance,failed
0.03162277660168379,38,0.6218932607769976,False
