data_frac,trial_i,performance,failed
0.22758459260747887,48,0.6648663187588307,False
