data_frac,trial_i,performance,failed
0.0517947467923121,34,0.6135766154560632,False
