data_frac,trial_i,performance,failed
0.03162277660168379,0,0.6585745043466879,False
