data_frac,trial_i,performance,failed
0.0071968567300115215,49,0.46691730062565784,False
