data_frac,trial_i,performance,failed
0.0517947467923121,40,0.5053936152251164,False
