data_frac,trial_i,performance,failed
0.019306977288832496,32,0.5945915540859428,False
