data_frac,trial_i,performance,failed
0.22758459260747887,49,0.6533818864688303,False
