data_frac,trial_i,performance,failed
0.6105402296585326,38,0.670840558666645,False
