data_frac,trial_i,performance,failed
0.08483428982440717,16,0.6836035208272754,False
