data_frac,trial_i,performance,failed
0.011787686347935873,16,0.5069553793800277,False
