data_frac,trial_i,performance,failed
0.019306977288832496,29,0.593357651709287,False
