data_frac,trial_i,performance,failed
0.3727593720314938,31,0.6180988603726952,False
