data_frac,trial_i,performance,failed
0.22758459260747887,0,0.5779754949597253,False
