data_frac,trial_i,performance,failed
0.13894954943731375,29,0.6428895969116847,False
