data_frac,trial_i,performance,failed
0.22758459260747887,20,0.6653809401571703,False
