data_frac,trial_i,performance,failed
0.03162277660168379,21,0.574796508616869,False
