data_frac,trial_i,performance,failed
0.03162277660168379,20,0.6175317151905569,False
