data_frac,trial_i,performance,failed
0.03162277660168379,48,0.5970766531705938,False
