data_frac,trial_i,performance,failed
0.03162277660168379,42,0.6157443043407442,False
