data_frac,trial_i,performance,failed
0.0517947467923121,30,0.5571880664210829,False
