data_frac,trial_i,performance,failed
0.6105402296585326,10,0.6894712316902963,False
