data_frac,trial_i,performance,failed
0.13894954943731375,8,0.6441442758520006,False
