data_frac,trial_i,performance,failed
0.011787686347935873,29,0.5681290319151168,False
