data_frac,trial_i,performance,failed
0.0071968567300115215,39,0.5273480023259043,False
