data_frac,trial_i,performance,failed
0.0517947467923121,22,0.6818761797921894,False
