data_frac,trial_i,performance,failed
0.011787686347935873,37,0.5608395438102131,False
