data_frac,trial_i,performance,failed
0.03162277660168379,26,0.5771534187650994,False
