data_frac,trial_i,performance,failed
0.011787686347935873,46,0.5831857886629774,False
