data_frac,trial_i,performance,failed
0.03162277660168379,39,0.6164814373530357,False
