data_frac,trial_i,performance,failed
0.03162277660168379,12,0.5974415476575068,False
