data_frac,trial_i,performance,failed
0.019306977288832496,8,0.4382239123572106,False
