data_frac,trial_i,performance,failed
0.019306977288832496,22,0.6446884629288637,False
