data_frac,trial_i,performance,failed
0.3727593720314938,25,0.6636585301931369,False
