data_frac,trial_i,performance,failed
0.0071968567300115215,24,0.5162355698837744,False
