data_frac,trial_i,performance,failed
0.6105402296585326,1,0.6708662335328677,False
