data_frac,trial_i,performance,failed
0.019306977288832496,26,0.5819337574167659,False
