data_frac,trial_i,performance,failed
0.011787686347935873,40,0.5787910953842276,False
