data_frac,trial_i,performance,failed
0.0517947467923121,24,0.6653360573548305,False
