data_frac,trial_i,performance,failed
0.6105402296585326,24,0.6811934411415789,False
