data_frac,trial_i,performance,failed
0.6105402296585326,40,0.6486839890034244,False
