data_frac,trial_i,performance,failed
0.011787686347935873,43,0.6035782980315495,False
