data_frac,trial_i,performance,failed
0.6105402296585326,32,0.6917810716313624,False
