data_frac,trial_i,performance,failed
0.22758459260747887,32,0.6630700294720753,False
