data_frac,trial_i,performance,failed
0.0517947467923121,3,0.5251479880321639,False
