data_frac,trial_i,performance,failed
0.0517947467923121,21,0.62929264341649,False
