data_frac,trial_i,performance,failed
0.011787686347935873,20,0.5668057167887166,False
