data_frac,trial_i,performance,failed
0.011787686347935873,35,0.45420014394576547,False
