data_frac,trial_i,performance,failed
0.3727593720314938,44,0.6386199490778353,False
