data_frac,trial_i,performance,failed
0.13894954943731375,41,0.6021170068900538,False
