data_frac,trial_i,performance,failed
0.08483428982440717,4,0.5953855590350662,False
