data_frac,trial_i,performance,failed
0.13894954943731375,13,0.6405923711875843,False
