data_frac,trial_i,performance,failed
0.3727593720314938,32,0.6821505359027764,False
