data_frac,trial_i,performance,failed
0.019306977288832496,31,0.6123219814174099,False
