data_frac,trial_i,performance,failed
0.0517947467923121,6,0.6552376068671073,False
