data_frac,trial_i,performance,failed
0.22758459260747887,20,0.5928442800116576,False
