data_frac,trial_i,performance,failed
0.0517947467923121,20,0.5378191974550451,False
