data_frac,trial_i,performance,failed
0.03162277660168379,5,0.5543495068264712,False
