data_frac,trial_i,performance,failed
0.13894954943731375,30,0.6314653099896278,False
