data_frac,trial_i,performance,failed
0.0071968567300115215,27,0.5636577731689051,False
