data_frac,trial_i,performance,failed
0.6105402296585326,45,0.6660267591897001,False
