data_frac,trial_i,performance,failed
0.019306977288832496,24,0.6792991556668491,False
