data_frac,trial_i,performance,failed
0.22758459260747887,38,0.6197364182688987,False
