data_frac,trial_i,performance,failed
0.22758459260747887,18,0.668927143091939,False
