data_frac,trial_i,performance,failed
0.08483428982440717,31,0.6095772346153059,False
