data_frac,trial_i,performance,failed
0.019306977288832496,41,0.6290563769452591,False
