data_frac,trial_i,performance,failed
0.3727593720314938,40,0.6583628696863513,False
