data_frac,trial_i,performance,failed
0.0517947467923121,15,0.651943176169246,False
