data_frac,trial_i,performance,failed
0.08483428982440717,35,0.5716356242371604,False
