data_frac,trial_i,performance,failed
0.03162277660168379,27,0.6867846993594866,False
