data_frac,trial_i,performance,failed
0.3727593720314938,38,0.6679353445844539,False
