data_frac,trial_i,performance,failed
0.6105402296585326,3,0.6440128547275656,False
