data_frac,trial_i,performance,failed
0.0071968567300115215,20,0.4473582754949332,False
