data_frac,trial_i,performance,failed
0.08483428982440717,48,0.6621017707593205,False
