data_frac,trial_i,performance,failed
0.0517947467923121,26,0.6532870660267465,False
