data_frac,trial_i,performance,failed
0.08483428982440717,15,0.6825088396622798,False
