data_frac,trial_i,performance,failed
0.13894954943731375,44,0.6453824282665935,True
