data_frac,trial_i,performance,failed
0.08483428982440717,28,0.5796209167480597,True
