data_frac,trial_i,performance,failed
0.08483428982440717,42,0.6164477465032108,False
