data_frac,trial_i,performance,failed
0.22758459260747887,28,0.6289820590818334,True
