data_frac,trial_i,performance,failed
0.08483428982440717,39,0.6636087526110842,True
