data_frac,trial_i,performance,failed
0.13894954943731375,25,0.6826285418379259,False
