data_frac,trial_i,performance,failed
0.08483428982440717,21,0.6146093195754678,False
