data_frac,trial_i,performance,failed
0.08483428982440717,20,0.5870747546556643,False
