data_frac,trial_i,performance,failed
0.6105402296585326,29,0.6634601016666452,False
