data_frac,trial_i,performance,failed
0.08483428982440717,29,0.6255120780174275,False
