data_frac,trial_i,performance,failed
0.08483428982440717,19,0.6478346711147858,False
