data_frac,trial_i,performance,failed
0.6105402296585326,20,0.6383404369923351,False
