data_frac,trial_i,performance,failed
0.0517947467923121,23,0.5350459762918545,False
