data_frac,trial_i,performance,failed
0.0071968567300115215,12,0.5373053433024981,False
