data_frac,trial_i,performance,failed
0.03162277660168379,26,0.6452027898502316,False
