data_frac,trial_i,performance,failed
0.22758459260747887,44,0.6617186015687961,True
