data_frac,trial_i,performance,failed
0.22758459260747887,41,0.6226620520559828,False
