data_frac,trial_i,performance,failed
0.22758459260747887,7,0.616421529942543,False
