data_frac,trial_i,performance,failed
0.019306977288832496,44,0.6211288501296238,False
