data_frac,trial_i,performance,failed
0.08483428982440717,24,0.6258089221396977,False
