data_frac,trial_i,performance,failed
0.0071968567300115215,40,0.5161287428998481,False
