data_frac,trial_i,performance,failed
0.0071968567300115215,30,0.5464527737477455,False
