data_frac,trial_i,performance,failed
0.03162277660168379,22,0.6082166568821349,False
