data_frac,trial_i,performance,failed
0.03162277660168379,44,0.661112870412596,False
