data_frac,trial_i,performance,failed
0.22758459260747887,37,0.6282450487776002,True
