data_frac,trial_i,performance,failed
0.13894954943731375,22,0.6275975077757927,False
