data_frac,trial_i,performance,failed
0.6105402296585326,4,0.6744724533230373,False
