data_frac,trial_i,performance,failed
0.019306977288832496,16,0.5363172460002161,False
