data_frac,trial_i,performance,failed
0.6105402296585326,35,0.6603274424725578,False
