data_frac,trial_i,performance,failed
0.011787686347935873,37,0.6330076586988489,False
