data_frac,trial_i,performance,failed
0.6105402296585326,6,0.6281123559758179,False
