data_frac,trial_i,performance,failed
0.3727593720314938,36,0.6452239491281135,False
