data_frac,trial_i,performance,failed
0.0071968567300115215,22,0.5068387984370991,False
