data_frac,trial_i,performance,failed
0.13894954943731375,35,0.6007229508602874,True
