data_frac,trial_i,performance,failed
0.08483428982440717,33,0.5786834876092024,False
