data_frac,trial_i,performance,failed
0.019306977288832496,40,0.5508876623619962,False
