data_frac,trial_i,performance,failed
0.0071968567300115215,42,0.5141917385573214,False
