data_frac,trial_i,performance,failed
0.08483428982440717,27,0.6598890996396725,False
