data_frac,trial_i,performance,failed
0.03162277660168379,46,0.5462085404846831,False
