data_frac,trial_i,performance,failed
0.22758459260747887,45,0.6259984601181631,False
