data_frac,trial_i,performance,failed
0.011787686347935873,47,0.38715248055726603,False
