data_frac,trial_i,performance,failed
0.22758459260747887,29,0.6688527565784136,False
