data_frac,trial_i,performance,failed
0.011787686347935873,34,0.4080624009494838,False
