data_frac,trial_i,performance,failed
0.13894954943731375,19,0.6622990746094165,False
