data_frac,trial_i,performance,failed
0.3727593720314938,32,0.7032173705193947,False
