data_frac,trial_i,performance,failed
0.08483428982440717,23,0.5415864874229235,False
