data_frac,trial_i,performance,failed
0.13894954943731375,21,0.638471153559792,False
