data_frac,trial_i,performance,failed
0.22758459260747887,25,0.69124992533268,False
