data_frac,trial_i,performance,failed
0.0071968567300115215,37,0.5627173101348396,False
