data_frac,trial_i,performance,failed
0.22758459260747887,36,0.6735660143652216,False
