data_frac,trial_i,performance,failed
0.011787686347935873,49,0.5919994708394943,False
