data_frac,trial_i,performance,failed
0.019306977288832496,13,0.6299777593868358,False
