data_frac,trial_i,performance,failed
0.3727593720314938,46,0.6928602190674924,False
