data_frac,trial_i,performance,failed
0.0517947467923121,39,0.689386838257255,False
