data_frac,trial_i,performance,failed
0.0517947467923121,28,0.6104184949146888,True
