data_frac,trial_i,performance,failed
0.3727593720314938,22,0.6470363101388742,False
