data_frac,trial_i,performance,failed
0.011787686347935873,22,0.5728316942384782,False
