data_frac,trial_i,performance,failed
0.0517947467923121,0,0.5602823133051329,False
