data_frac,trial_i,performance,failed
0.0517947467923121,33,0.5945265154312436,False
