data_frac,trial_i,performance,failed
0.0517947467923121,14,0.698681679180418,False
