data_frac,trial_i,performance,failed
0.03162277660168379,33,0.603021239056699,True
