data_frac,trial_i,performance,failed
0.019306977288832496,33,0.674396282334854,False
