data_frac,trial_i,performance,failed
0.011787686347935873,10,0.5979426511325124,False
