data_frac,trial_i,performance,failed
0.011787686347935873,29,0.49271354595077027,False
