data_frac,trial_i,performance,failed
0.0517947467923121,49,0.6000364499632234,False
