data_frac,trial_i,performance,failed
0.6105402296585326,27,0.6469072870682301,False
