data_frac,trial_i,performance,failed
0.0517947467923121,43,0.6632167157716042,False
