data_frac,trial_i,performance,failed
0.22758459260747887,33,0.6558273198272622,False
