data_frac,trial_i,performance,failed
0.6105402296585326,25,0.6597776820610434,False
