data_frac,trial_i,performance,failed
0.13894954943731375,17,0.6882117235539993,False
