data_frac,trial_i,performance,failed
0.0071968567300115215,15,0.5151801355791258,False
