data_frac,trial_i,performance,failed
0.019306977288832496,25,0.6073500868047756,False
