data_frac,trial_i,performance,failed
0.3727593720314938,30,0.6917058016691087,False
