data_frac,trial_i,performance,failed
0.0071968567300115215,36,0.5435881476876017,False
