data_frac,trial_i,performance,failed
0.0517947467923121,37,0.6304437603340225,True
