data_frac,trial_i,performance,failed
0.011787686347935873,45,0.3672438934702804,False
