data_frac,trial_i,performance,failed
0.019306977288832496,35,0.5610373413305465,False
