data_frac,trial_i,performance,failed
0.0071968567300115215,21,0.5108743629668331,False
