data_frac,trial_i,performance,failed
0.019306977288832496,34,0.5647171209168235,False
