data_frac,trial_i,performance,failed
0.6105402296585326,39,0.695245882852119,False
