data_frac,trial_i,performance,failed
0.13894954943731375,36,0.7003597078524136,False
