data_frac,trial_i,performance,failed
0.3727593720314938,45,0.6308554824832077,False
