data_frac,trial_i,performance,failed
0.3727593720314938,20,0.6214445824397042,False
