data_frac,trial_i,performance,failed
0.011787686347935873,15,0.6027823664313345,False
