data_frac,trial_i,performance,failed
0.0517947467923121,3,0.6560809634094308,True
