data_frac,trial_i,performance,failed
0.22758459260747887,46,0.6958467562575238,False
