data_frac,trial_i,performance,failed
0.019306977288832496,26,0.6503246841998882,False
