data_frac,trial_i,performance,failed
0.22758459260747887,13,0.6842823254299876,False
