data_frac,trial_i,performance,failed
0.08483428982440717,30,0.6654229521898473,False
