data_frac,trial_i,performance,failed
0.0071968567300115215,41,0.49533928446281095,False
