data_frac,trial_i,performance,failed
0.08483428982440717,22,0.5968143875548182,False
