data_frac,trial_i,performance,failed
0.011787686347935873,44,0.6225257748871887,False
