data_frac,trial_i,performance,failed
0.08483428982440717,43,0.6677479619889657,False
