data_frac,trial_i,performance,failed
0.03162277660168379,35,0.6103531630991139,False
