data_frac,trial_i,performance,failed
0.03162277660168379,30,0.5582441968434659,False
