data_frac,trial_i,performance,failed
0.22758459260747887,35,0.6204780594576013,False
