data_frac,trial_i,performance,failed
0.13894954943731375,31,0.6159344751496668,False
