data_frac,trial_i,performance,failed
0.0071968567300115215,34,0.47678934669196427,False
