data_frac,trial_i,performance,failed
0.0517947467923121,32,0.6660612852649473,False
