data_frac,trial_i,performance,failed
0.08483428982440717,44,0.6688731763376927,True
