data_frac,trial_i,performance,failed
0.0517947467923121,47,0.6120643699294178,False
