data_frac,trial_i,performance,failed
0.019306977288832496,37,0.6615523173057688,False
