data_frac,trial_i,performance,failed
0.13894954943731375,29,0.6452417377079139,False
