data_frac,trial_i,performance,failed
0.03162277660168379,49,0.5740891329238429,False
