data_frac,trial_i,performance,failed
0.0517947467923121,48,0.6335627274892722,False
