data_frac,trial_i,performance,failed
0.011787686347935873,35,0.5810916196019752,False
