data_frac,trial_i,performance,failed
0.13894954943731375,33,0.6343042420497284,False
