data_frac,trial_i,performance,failed
0.0071968567300115215,47,0.4538872666554969,False
