data_frac,trial_i,performance,failed
0.011787686347935873,43,0.6344310710770639,False
