data_frac,trial_i,performance,failed
0.13894954943731375,39,0.6947705236746475,True
